kind,folder,file,bytes,w,h,ext
video,,1.mp4,67312262,,,.mp4
video,,2.mp4,53548229,,,.mp4
video,,3.mp4,47010042,,,.mp4
video,,4.mp4,51038196,,,.mp4
image,,4fav.jpg,19047,92,80,.jpg
video,,5.mp4,24783079,,,.mp4
video,,ALL ABOUT PROSTATE CANCER WITH HRH DR FOMUKI.mp4,9229674,,,.mp4
doc,,announcement-guneku-palace.pdf,13811397,,,.pdf
doc,,APPEAL FOR FINANCIAL SUPPORT.pdf,2565841,,,.pdf
image,,calendar-usa.jpg,418452,1066,1600,.jpg
image,,chief-usa.jpg,629347,1748,2325,.jpg
doc,,gong.pdf,899637,,,.pdf
doc,,guneku-DESIGN.pdf,880882,,,.pdf
doc,,guneku-t-shirt.ai,1645031,,,.ai
video,,JOACHIM BEUGRE JACQUEVILLE COTE DIVOIR PROSTATE CANCER SCREENING CAMPAIGN EUROLOGIE NEUWIED.mp4,27324071,,,.mp4
doc,,letter-sdo.pdf,10332039,,,.pdf
doc,,letterhead-old.pdf,2417481,,,.pdf
doc,,letterhead.docx,630926,,,.docx
image,,letterhead.jpg,52687,596,842,.jpg
doc,,letterhead.pdf,1720626,,,.pdf
doc,,logo.pdf,114384,,,.pdf
image,,logo.png,19375,370,80,.png
image,,mbeh-family.jpg,543757,2048,1993,.jpg
image,,mbeh-today.JPG,108094,1039,733,.jpg
image,,mbemi-gune1.jpg,129130,810,1080,.jpg
image,,mbemi-gune2.jpg,169257,1080,607,.jpg
image,,mbemi-gune3.jpg,160144,1080,607,.jpg
image,,mbemi-gune4.jpg,144713,1080,607,.jpg
image,,stamp.jpg,649720,673,248,.jpg
doc,,stamp.pdf,1287157,,,.pdf
doc,,text1.docx,632815,,,.docx
doc,,text1.pdf,8900710,,,.pdf
doc,,text2.docx,631881,,,.docx
doc,,text2.pdf,5451743,,,.pdf
other,,Thumbs.db,666624,,,.db
video,,video-website.mp4,11606622,,,.mp4
video,,Watch HRH Fon Dr. Fomuki On CRTV.mp4,16411235,,,.mp4
image,Chief-Fomuki-Visits-USA,358098403_784488523679000_4540024370138548917_n.jpg,596967,2048,1536,.jpg
image,Chief-Fomuki-Visits-USA,358106563_784488853678967_4448825173146183562_n.jpg,310460,2048,1536,.jpg
image,Chief-Fomuki-Visits-USA,358106677_784488623678990_1501665642118711742_n.jpg,457140,2048,1536,.jpg
image,Chief-Fomuki-Visits-USA,358109035_784488513679001_3912364684017291185_n.jpg,368034,2048,1536,.jpg
image,Chief-Fomuki-Visits-USA,358110662_784488613678991_4406787161102179036_n.jpg,559773,2048,1536,.jpg
image,Chief-Fomuki-Visits-USA,358113241_784488543678998_6764010530189523766_n.jpg,575670,2048,1536,.jpg
image,Chief-Fomuki-Visits-USA,358122183_784488350345684_775212020953983281_n.jpg,377406,2048,1536,.jpg
image,Chief-Fomuki-Visits-USA,358127308_784488583678994_1830931125477083385_n.jpg,286646,2048,1536,.jpg
image,Chief-Fomuki-Visits-USA,358135166_784488693678983_8020995215856396344_n.jpg,601252,2048,1536,.jpg
image,Chief-Fomuki-Visits-USA,358135772_784488493679003_6867063939457968224_n.jpg,275081,2048,1536,.jpg
image,Chief-Fomuki-Visits-USA,358138092_784488590345660_8342776229173122155_n.jpg,292209,2048,1536,.jpg
image,Chief-Fomuki-Visits-USA,358141084_784488793678973_5016875792103665668_n.jpg,316319,2048,1536,.jpg
image,Chief-Fomuki-Visits-USA,358141792_784488817012304_367772657187471626_n.jpg,514667,2048,1536,.jpg
image,Chief-Fomuki-Visits-USA,358155909_784488673678985_4531506812148893416_n.jpg,476237,2048,1536,.jpg
image,Chief-Fomuki-Visits-USA,358155917_784488633678989_6744973389524918503_n.jpg,390813,2048,1536,.jpg
image,Chief-Fomuki-Visits-USA,358693208_784488843678968_5072328797716473942_n.jpg,622886,2048,1536,.jpg
image,Chief-Fomuki-Visits-USA,358719650_784488723678980_7450504072763959443_n.jpg,430929,2048,1536,.jpg
image,Chief-Fomuki-Visits-USA,358720066_784488750345644_3899375623689539921_n.jpg,376267,2048,1536,.jpg
image,Chief-Fomuki-Visits-USA,362301524_784488650345654_1990241010794429021_n.jpg,417986,2048,1536,.jpg
image,Chief-Fomuki-Visits-USA,362986908_784488870345632_6672009365534296831_n.jpg,313054,2048,1536,.jpg
image,Chief-Fomuki-Visits-USA,363345629_784488830345636_7335983480480225812_n.jpg,414735,2048,1536,.jpg
image,Chief-Fomuki-Visits-USA,363356586_784488777012308_3038868152591392589_n.jpg,664155,2048,1536,.jpg
image,Chief-Fomuki-Visits-USA,363825555_784486240345895_5289252894531198887_n.jpg,129259,960,720,.jpg
image,Chief-Fomuki-Visits-USA,363835615_784499353677917_8452519297401029817_n.jpg,513084,2048,1536,.jpg
image,Chief-Fomuki-Visits-USA,363849894_784486917012494_492103729525858737_n.jpg,121727,960,720,.jpg
image,Chief-Fomuki-Visits-USA,364041208_784499990344520_1042316785513228822_n.jpg,1600102,2048,2048,.jpg
image,Chief-Fomuki-Visits-USA,364061102_784486447012541_2413380656036515603_n.jpg,115631,960,720,.jpg
image,Chief-Fomuki-Visits-USA,364137558_784488483679004_4459377243027308240_n.jpg,455598,2048,1536,.jpg
image,GUDECA North America Welcmes HRH Fomuki Walters and Entourage from Germany,358098403_784488523679000_4540024370138548917_n.jpg,596967,2048,1536,.jpg
image,GUDECA North America Welcmes HRH Fomuki Walters and Entourage from Germany,358106563_784488853678967_4448825173146183562_n.jpg,310460,2048,1536,.jpg
image,GUDECA North America Welcmes HRH Fomuki Walters and Entourage from Germany,358106677_784488623678990_1501665642118711742_n.jpg,457140,2048,1536,.jpg
image,GUDECA North America Welcmes HRH Fomuki Walters and Entourage from Germany,358109035_784488513679001_3912364684017291185_n.jpg,368034,2048,1536,.jpg
image,GUDECA North America Welcmes HRH Fomuki Walters and Entourage from Germany,358110662_784488613678991_4406787161102179036_n.jpg,559773,2048,1536,.jpg
image,GUDECA North America Welcmes HRH Fomuki Walters and Entourage from Germany,358113241_784488543678998_6764010530189523766_n.jpg,575670,2048,1536,.jpg
image,GUDECA North America Welcmes HRH Fomuki Walters and Entourage from Germany,358122183_784488350345684_775212020953983281_n.jpg,377406,2048,1536,.jpg
image,GUDECA North America Welcmes HRH Fomuki Walters and Entourage from Germany,358127308_784488583678994_1830931125477083385_n.jpg,286646,2048,1536,.jpg
image,GUDECA North America Welcmes HRH Fomuki Walters and Entourage from Germany,358135166_784488693678983_8020995215856396344_n.jpg,601252,2048,1536,.jpg
image,GUDECA North America Welcmes HRH Fomuki Walters and Entourage from Germany,358135772_784488493679003_6867063939457968224_n.jpg,275081,2048,1536,.jpg
image,GUDECA North America Welcmes HRH Fomuki Walters and Entourage from Germany,358138092_784488590345660_8342776229173122155_n.jpg,292209,2048,1536,.jpg
image,GUDECA North America Welcmes HRH Fomuki Walters and Entourage from Germany,358141084_784488793678973_5016875792103665668_n.jpg,316319,2048,1536,.jpg
image,GUDECA North America Welcmes HRH Fomuki Walters and Entourage from Germany,358141792_784488817012304_367772657187471626_n.jpg,514667,2048,1536,.jpg
image,GUDECA North America Welcmes HRH Fomuki Walters and Entourage from Germany,358155909_784488673678985_4531506812148893416_n.jpg,476237,2048,1536,.jpg
image,GUDECA North America Welcmes HRH Fomuki Walters and Entourage from Germany,358155917_784488633678989_6744973389524918503_n.jpg,390813,2048,1536,.jpg
image,GUDECA North America Welcmes HRH Fomuki Walters and Entourage from Germany,358693208_784488843678968_5072328797716473942_n.jpg,622886,2048,1536,.jpg
image,GUDECA North America Welcmes HRH Fomuki Walters and Entourage from Germany,358719650_784488723678980_7450504072763959443_n.jpg,430929,2048,1536,.jpg
image,GUDECA North America Welcmes HRH Fomuki Walters and Entourage from Germany,358720066_784488750345644_3899375623689539921_n.jpg,376267,2048,1536,.jpg
image,GUDECA North America Welcmes HRH Fomuki Walters and Entourage from Germany,362301524_784488650345654_1990241010794429021_n.jpg,417986,2048,1536,.jpg
image,GUDECA North America Welcmes HRH Fomuki Walters and Entourage from Germany,362986908_784488870345632_6672009365534296831_n.jpg,313054,2048,1536,.jpg
image,GUDECA North America Welcmes HRH Fomuki Walters and Entourage from Germany,363345629_784488830345636_7335983480480225812_n.jpg,414735,2048,1536,.jpg
image,GUDECA North America Welcmes HRH Fomuki Walters and Entourage from Germany,363356586_784488777012308_3038868152591392589_n.jpg,664155,2048,1536,.jpg
image,GUDECA North America Welcmes HRH Fomuki Walters and Entourage from Germany,363825555_784486240345895_5289252894531198887_n.jpg,129259,960,720,.jpg
image,GUDECA North America Welcmes HRH Fomuki Walters and Entourage from Germany,363835615_784499353677917_8452519297401029817_n.jpg,513084,2048,1536,.jpg
image,GUDECA North America Welcmes HRH Fomuki Walters and Entourage from Germany,363849894_784486917012494_492103729525858737_n.jpg,121727,960,720,.jpg
image,GUDECA North America Welcmes HRH Fomuki Walters and Entourage from Germany,364041208_784499990344520_1042316785513228822_n.jpg,1600102,2048,2048,.jpg
image,GUDECA North America Welcmes HRH Fomuki Walters and Entourage from Germany,364061102_784486447012541_2413380656036515603_n.jpg,115631,960,720,.jpg
image,GUDECA North America Welcmes HRH Fomuki Walters and Entourage from Germany,364137558_784488483679004_4459377243027308240_n.jpg,455598,2048,1536,.jpg
image,GUDECA YAOUNDE BRANCH,1.jpg,122290,1080,1080,.jpg
image,GUDECA YAOUNDE BRANCH,2.jpg,73511,1008,756,.jpg
image,GUDECA YAOUNDE BRANCH,3.jpg,58382,684,912,.jpg
image,GUDECA YAOUNDE BRANCH,4.jpg,74171,756,1008,.jpg
image,GUDECA YAOUNDE BRANCH,5.jpg,86974,1008,756,.jpg
image,GUDECA YAOUNDE BRANCH,6.jpg,77577,1008,756,.jpg
image,GUDECA YAOUNDE BRANCH,7.jpg,101924,1008,756,.jpg
image,GUDECA YAOUNDE BRANCH,8.jpg,92080,1008,756,.jpg
image,GUDECA YAOUNDE BRANCH,9.jpg,92080,1008,756,.jpg
image,guneku-website-2023,10.jpeg,116090,607,1080,.jpeg
image,guneku-website-2023,11.jpeg,90805,,,.jpeg
image,guneku-website-2023,111.jpeg,134522,,,.jpeg
image,guneku-website-2023,12.jpeg,105459,1080,607,.jpeg
image,guneku-website-2023,121.jpeg,183916,607,1080,.jpeg
image,guneku-website-2023,13.jpeg,69402,607,1080,.jpeg
image,guneku-website-2023,14.jpeg,98803,607,1080,.jpeg
image,guneku-website-2023,15.jpeg,86898,607,1080,.jpeg
image,guneku-website-2023,16.jpeg,66251,1080,607,.jpeg
image,guneku-website-2023,17.jpeg,33200,607,1080,.jpeg
image,guneku-website-2023,18.jpeg,78238,1080,607,.jpeg
image,guneku-website-2023,19.jpeg,103483,607,1080,.jpeg
image,guneku-website-2023,2.jpeg,172657,1080,809,.jpeg
image,guneku-website-2023,20.jpeg,73059,607,1080,.jpeg
image,guneku-website-2023,200.jpeg,162076,756,1008,.jpeg
image,guneku-website-2023,21.jpeg,139775,607,1080,.jpeg
image,guneku-website-2023,22.jpeg,159269,607,1080,.jpeg
image,guneku-website-2023,23.jpeg,136074,607,1080,.jpeg
image,guneku-website-2023,24.jpeg,142670,607,1080,.jpeg
image,guneku-website-2023,3.jpeg,119208,1080,809,.jpeg
image,guneku-website-2023,4.jpeg,56216,1080,607,.jpeg
image,guneku-website-2023,5.jpeg,101420,1080,607,.jpeg
image,guneku-website-2023,6.jpeg,127874,1080,607,.jpeg
image,guneku-website-2023,7.jpeg,130817,1080,607,.jpeg
image,guneku-website-2023,8.jpeg,134634,1080,607,.jpeg
image,guneku-website-2023,9.jpeg,112206,1080,607,.jpeg
image,guneku-website-2023,BARAKWE.jpg,137800,720,480,.jpg
image,guneku-website-2023,chief-usa.jpg,629347,1748,2325,.jpg
image,guneku-website-2023,dance-group.jpg,148788,720,480,.jpg
image,guneku-website-2023,elders.jpeg,204707,780,1040,.jpeg
image,guneku-website-2023,evis-fah.jpg,40096,380,380,.jpg
image,guneku-website-2023,Fon-fomuk-portraiti.jpg,90825,646,960,.jpg
image,guneku-website-2023,FON.jpg,51229,380,380,.jpg
image,guneku-website-2023,frontpage.jpeg,137852,720,480,.jpeg
image,guneku-website-2023,gu1.jpg,150139,720,480,.jpg
image,guneku-website-2023,gu2.jpg,166851,720,480,.jpg
image,guneku-website-2023,GUDECA-PRESI.jpg,63464,380,380,.jpg
image,guneku-website-2023,guneku north america Calendar.jpeg,418452,1066,1600,.jpeg
image,guneku-website-2023,GUNEKU-MAP.jpg,71090,1002,533,.jpg
image,guneku-website-2023,joyce.jpg,37500,380,380,.jpg
image,guneku-website-2023,mbeh-etats.jpg,118600,720,480,.jpg
image,guneku-website-2023,meta-ppl.jpg,171676,720,480,.jpg
image,guneku-website-2023,mukonge-dance.jpg,133572,720,480,.jpg
image,guneku-website-2023,noatble4.jpg,74884,380,380,.jpg
image,guneku-website-2023,notable1.jpg,82609,380,380,.jpg
image,guneku-website-2023,notable2.jpg,66292,380,380,.jpg
image,guneku-website-2023,notable3.jpg,69424,380,380,.jpg
image,guneku-website-2023,pa-victor-asukwa.jpg,48043,380,380,.jpg
image,guneku-website-2023,palace.jpeg,144372,780,1040,.jpeg
image,guneku-website-2023,placeholder.png,21517,969,939,.png
image,guneku-website-2023,prof-njoh.jpg,106144,720,480,.jpg
image,guneku-website-2023,reps-mecuda.jpeg,146617,720,480,.jpeg
image,guneku-website-2023,roland.jpg,45993,380,380,.jpg
image,guneku-website-2023,SAM.jpg,51167,380,380,.jpg
image,guneku-website-2023,Untitled-1.jpg,137547,720,480,.jpg
image,guneku-website-2023,Untitled.jpeg,171817,1080,809,.jpeg
image,guneku-website-2023,us-flyer.jpeg,629347,1748,2325,.jpeg
image,guneku-website-2023,victor.jpg,37937,380,380,.jpg
image,guneku-website-2023,vita.jpeg,182757,1024,768,.jpeg
image,guneku-website-2023,web1.jpg,999993,1920,1080,.jpg
image,guneku-website-2023,web2.jpg,1027854,1920,1080,.jpg
image,guneku-website-2023,web3.jpg,1077669,1920,1080,.jpg
image,guneku-website-2023,web4.png,371843,578,414,.png
image,guneku-website-2023,web5.png,439903,613,398,.png
image,guneku-website-2023,web6.jpg,728274,1920,1080,.jpg
image,guneku-website-2023,WhatsApp Image 2023-05-13 at 16.49.53.jpeg,170550,1080,607,.jpeg
image,guneku-website-2023/Development projects,147301~1.JPG,79741,600,800,.jpg
image,guneku-website-2023/Development projects,147385746_3905126499531584_4325747395292313059_n.jpg,74009,,,.jpg
image,guneku-website-2023/Development projects,147500989_3905126386198262_6536326892747619990_n.jpg,228160,1600,1200,.jpg
image,guneku-website-2023/Development projects,147726964_3905126462864921_386969384544922454_n.jpg,70323,600,800,.jpg
image,guneku-website-2023/Development projects,147733429_3905126229531611_1459798980830843941_n.jpg,210153,1600,1200,.jpg
image,guneku-website-2023/Development projects,147745501_3905126566198244_4571926246291544758_n.jpg,91921,600,800,.jpg
image,guneku-website-2023/Development projects,147812991_3905126169531617_6361260056187438941_n.jpg,72445,600,800,.jpg
image,guneku-website-2023/Development projects,147826621_3905126286198272_4639584603939373279_n.jpg,58563,600,800,.jpg
image,guneku-website-2023/Development projects,147852976_3905126269531607_1903685053765443540_n.jpg,287598,1600,1200,.jpg
image,guneku-website-2023/Development projects,147936446_3905126522864915_6172649446077414623_n.jpg,72408,600,800,.jpg
image,guneku-website-2023/GUDECA annual general meeting 26 december 2015,10337749_1060573730653556_5689295047033709409_n.jpg,109341,960,720,.jpg
image,guneku-website-2023/GUDECA annual general meeting 26 december 2015,1044527_1060573787320217_2738842336521894475_n.jpg,135622,960,960,.jpg
image,guneku-website-2023/GUDECA annual general meeting 26 december 2015,10599119_1060573750653554_6529514592287823333_n.jpg,135226,960,720,.jpg
image,guneku-website-2023/GUDECA annual general meeting 26 december 2015,12400807_1060573710653558_3856297590476346352_n.jpg,126164,960,720,.jpg
image,guneku-website-2023/GUDECA annual general meeting 26 december 2015,1936538_1060573660653563_7302229951042455654_n.jpg,121475,960,720,.jpg
image,guneku-website-2023/Guneku Family Meeting In Frankfurt Germany,14572796_1272242816153312_3748945159262500424_n.jpg,60015,638,960,.jpg
image,guneku-website-2023/Guneku Family Meeting In Frankfurt Germany,14606367_1272243129486614_1134031129102499889_n.jpg,56021,960,638,.jpg
image,guneku-website-2023/Guneku Family Meeting In Frankfurt Germany,14642227_1272242572820003_1875423322627561026_n.jpg,68449,960,720,.jpg
image,guneku-website-2023/Guneku Family Meeting In Frankfurt Germany,14650233_1272243002819960_2472236327817135457_n.jpg,65449,960,638,.jpg
image,guneku-website-2023/Guneku Family Meeting In Frankfurt Germany,14657286_1272242902819970_3157475707532428091_n.jpg,82107,638,960,.jpg
image,guneku-website-2023/Guneku Family Meeting In Frankfurt Germany,14666081_1272242929486634_5858943597844408438_n.jpg,54103,960,638,.jpg
image,guneku-website-2023/Guneku Family Meeting In Frankfurt Germany,14670633_1272243266153267_7845696118558651722_n.jpg,91073,638,960,.jpg
image,guneku-website-2023/Guneku Family Meeting In Frankfurt Germany,14670825_1272242886153305_268819520708885236_n.jpg,78905,960,638,.jpg
image,guneku-website-2023/Guneku Family Meeting In Frankfurt Germany,14681579_1272242839486643_7842775585520638330_n.jpg,100214,960,638,.jpg
image,guneku-website-2023/Guneku Family Meeting In Frankfurt Germany,14681758_1272243089486618_4707347978936550088_n.jpg,72024,960,638,.jpg
image,guneku-website-2023/Guneku Family Meeting In Frankfurt Germany,14690999_1272242376153356_6658547478409227350_n.jpg,82444,960,720,.jpg
image,guneku-website-2023/Guneku Family Meeting In Frankfurt Germany,14691073_1272243276153266_5114032394469547586_n.jpg,71399,960,638,.jpg
image,guneku-website-2023/Guneku Family Meeting In Frankfurt Germany,14691075_1272242752819985_3301147192260015672_n.jpg,73700,638,960,.jpg
image,guneku-website-2023/Guneku Family Meeting In Frankfurt Germany,14695551_1272242366153357_7666808287205098438_n.jpg,75364,960,720,.jpg
image,guneku-website-2023/Guneku Family Meeting In Frankfurt Germany,14702319_1272242499486677_4348333816445835394_n.jpg,84905,720,960,.jpg
image,guneku-website-2023/Guneku Family Meeting In Frankfurt Germany,14708243_1272243049486622_7645635923849732483_n.jpg,71209,638,960,.jpg
image,guneku-website-2023/Guneku Family Meeting In Frankfurt Germany,14713810_1272242662819994_9012928729525552146_n.jpg,100130,638,960,.jpg
image,guneku-website-2023/Guneku Family Meeting In Frankfurt Germany,14716071_1272242799486647_3390104112933962720_n.jpg,82560,960,638,.jpg
image,guneku-website-2023/Guneku Family Meeting In Frankfurt Germany,14716187_1272242972819963_3787326555969114085_n.jpg,56538,960,638,.jpg
image,guneku-website-2023/Guneku Family Meeting In Frankfurt Germany,14718694_1272242399486687_2283296620112081237_n.jpg,83162,960,720,.jpg
image,guneku-website-2023/Guneku Family Meeting In Frankfurt Germany,14718749_1272242409486686_8369879711944122413_n.jpg,82768,960,720,.jpg
image,guneku-website-2023/Guneku Family Meeting In Frankfurt Germany,14721661_1272242642819996_2748062479293485851_n.jpg,82930,720,960,.jpg
image,guneku-website-2023/Guneku Family Meeting In Frankfurt Germany,14724501_1272243019486625_9151045420050187699_n.jpg,48827,960,638,.jpg
image,guneku-website-2023/Guneku Family Meeting In Frankfurt Germany,14724518_1272243216153272_5555522625543825598_n.jpg,104146,638,960,.jpg
image,guneku-website-2023/Guneku Family Meeting In Frankfurt Germany,14729333_1272243179486609_863380988479151345_n.jpg,73743,960,638,.jpg
image,guneku-website-2023/Guneku Family Meeting In Frankfurt Germany,14731328_1272242769486650_399511645847485186_n.jpg,85807,960,638,.jpg
image,guneku-website-2023/Guneku Royal Community Library,306915385_5675589412485275_1704855586036343452_n.jpg,181243,1440,808,.jpg
image,guneku-website-2023/Guneku Royal Community Library,306949984_5675589349151948_1738237072916416970_n.jpg,161692,1440,808,.jpg
image,guneku-website-2023/Guneku Royal Community Library,307029915_5675589422485274_8481593825647352727_n.jpg,181933,1440,808,.jpg
image,guneku-website-2023/Guneku Royal Community Library,307098861_5675589339151949_6341868185183450469_n.jpg,150966,1440,808,.jpg
image,guneku-website-2023/Guneku Royal Community Library,307177174_5675589545818595_4941897146023036065_n.jpg,226317,1440,808,.jpg
image,guneku-website-2023/Guneku Royal Community Library,307180339_5675589549151928_2901417926311243784_n.jpg,249303,1440,808,.jpg
image,guneku-website-2023/Guneku Royal Community Library,307324350_5675589389151944_7244668400182278073_n.jpg,231616,1440,808,.jpg
image,guneku-website-2023/Guneku Royal Community Library,307370458_5675589335818616_1476760112688273777_n.jpg,138968,1440,808,.jpg
image,guneku-website-2023/Guneku Royal Community Library,307564111_5675589375818612_8850012050552532418_n.jpg,169394,1440,808,.jpg
image,guneku-website-2023/Guneku Royal Community Library,307638511_5675589202485296_8611288627436611159_n.jpg,147506,1440,808,.jpg
image,guneku-website-2023/Guneku Royal Community Library,307692899_5675589402485276_1601602950735086151_n.jpg,158415,1440,808,.jpg
image,guneku-website-2023/Guneku Royal Community Library,307697258_5675589435818606_6926633753635338908_n.jpg,182117,1440,808,.jpg
image,guneku-website-2023/Mukonge Dance Groups in Meta,324594235_843623983391822_4827131840824151125_n.jpg,79103,960,640,.jpg
image,guneku-website-2023/Mukonge Dance Groups in Meta,325852475_2050581091807437_5906399563550472450_n.jpg,92839,,,.jpg
image,guneku-website-2023/Mukonge Dance Groups in Meta,325856095_709309734185056_4721802824096977527_n.jpg,103405,960,640,.jpg
image,guneku-website-2023/Mukonge Dance Groups in Meta,328438423_1244237303198046_5079422172507605208_n.jpg,87046,960,640,.jpg
image,guneku-website-2023/Mukonge Dance Groups in Meta,328563371_5802991609789595_8137216246739823552_n.jpg,69228,960,540,.jpg
image,guneku-website-2023/Mukonge Dance Groups in Meta,328706338_3359284144331701_8223049703259008676_n.jpg,74498,960,540,.jpg
image,guneku-website-2023/New folderThe legendary Fundraising white party night at Guneku Palace,13876312_1206382842739310_1470900822127735680_n.jpg,89449,960,720,.jpg
image,guneku-website-2023/New folderThe legendary Fundraising white party night at Guneku Palace,13876652_1206383472739247_6303359551290896051_n.jpg,71857,960,720,.jpg
image,guneku-website-2023/New folderThe legendary Fundraising white party night at Guneku Palace,13879239_1206382692739325_72076702162776990_n.jpg,88649,960,720,.jpg
image,guneku-website-2023/New folderThe legendary Fundraising white party night at Guneku Palace,13882573_1206383576072570_5544328044043623326_n.jpg,53876,720,960,.jpg
image,guneku-website-2023/New folderThe legendary Fundraising white party night at Guneku Palace,13887051_1206382759405985_691679547622592440_n.jpg,79125,960,720,.jpg
image,guneku-website-2023/New folderThe legendary Fundraising white party night at Guneku Palace,13892018_1206382146072713_7004123084430735831_n.jpg,47620,720,960,.jpg
image,guneku-website-2023/New folderThe legendary Fundraising white party night at Guneku Palace,13892308_1206382802739314_6403819350409055718_n.jpg,75959,960,720,.jpg
image,guneku-website-2023/New folderThe legendary Fundraising white party night at Guneku Palace,13895410_1206383376072590_1185167208114486717_n.jpg,55062,960,720,.jpg
image,guneku-website-2023/New folderThe legendary Fundraising white party night at Guneku Palace,13900176_1206382166072711_1177523364432905192_n.jpg,46922,960,720,.jpg
image,guneku-website-2023/New folderThe legendary Fundraising white party night at Guneku Palace,13901320_1206382656072662_1587637435237129185_n.jpg,81174,960,720,.jpg
image,guneku-website-2023/New folderThe legendary Fundraising white party night at Guneku Palace,13901407_1206382479406013_8295208307456646977_n.jpg,58051,960,720,.jpg
image,guneku-website-2023/New folderThe legendary Fundraising white party night at Guneku Palace,13906952_1206383389405922_1101131478448014545_n.jpg,45938,720,960,.jpg
image,guneku-website-2023/New folderThe legendary Fundraising white party night at Guneku Palace,13906952_1206383439405917_2343876098730053049_n.jpg,39534,720,960,.jpg
image,guneku-website-2023/New folderThe legendary Fundraising white party night at Guneku Palace,13907169_1206382109406050_2226960995672475865_n.jpg,66240,720,960,.jpg
image,guneku-website-2023/New folderThe legendary Fundraising white party night at Guneku Palace,13912441_1206382372739357_3748762205169486017_n.jpg,36757,720,960,.jpg
image,guneku-website-2023/New folderThe legendary Fundraising white party night at Guneku Palace,13925030_1206382312739363_480239510127985778_n.jpg,46695,720,960,.jpg
image,guneku-website-2023/New folderThe legendary Fundraising white party night at Guneku Palace,13934583_1206382409406020_7147546382289744395_n.jpg,41144,720,960,.jpg
image,guneku-website-2023/Prince Fomuki Tibah’s Bornhouse in images,37851561_1985263098184610_2765716285856677888_n.jpg,74537,720,960,.jpg
image,guneku-website-2023/Prince Fomuki Tibah’s Bornhouse in images,37886310_1985262818184638_9210686284010356736_n.jpg,74171,960,720,.jpg
image,guneku-website-2023/Prince Fomuki Tibah’s Bornhouse in images,37888946_1985263844851202_7172468313417580544_n.jpg,79636,720,960,.jpg
image,guneku-website-2023/Prince Fomuki Tibah’s Bornhouse in images,37901666_1985263961517857_4007710232452005888_n.jpg,75668,720,960,.jpg
image,guneku-website-2023/Prince Fomuki Tibah’s Bornhouse in images,37901673_1985263521517901_4755405721619660800_n.jpg,63837,960,720,.jpg
image,guneku-website-2023/Prince Fomuki Tibah’s Bornhouse in images,37911790_1985262971517956_6593700759949279232_n.jpg,47111,960,720,.jpg
image,guneku-website-2023/Prince Fomuki Tibah’s Bornhouse in images,37918585_1985263768184543_4841768339892076544_n.jpg,54369,720,960,.jpg
image,guneku-website-2023/Prince Fomuki Tibah’s Bornhouse in images,37918596_1985262838184636_8875880406327492608_n.jpg,47550,960,720,.jpg
image,guneku-website-2023/Prince Fomuki Tibah’s Bornhouse in images,37924134_1985263331517920_7604790379879071744_n.jpg,69400,960,720,.jpg
image,guneku-website-2023/Prince Fomuki Tibah’s Bornhouse in images,37930902_1985263788184541_2305976410897907712_n.jpg,96771,960,720,.jpg
image,guneku-website-2023/Prince Fomuki Tibah’s Bornhouse in images,37935712_1985262738184646_8278698318016544768_n.jpg,63590,960,720,.jpg
image,guneku-website-2023/Prince Fomuki Tibah’s Bornhouse in images,37942471_1985263088184611_1142966762552164352_n.jpg,75744,720,960,.jpg
image,guneku-website-2023/Prince Fomuki Tibah’s Bornhouse in images,37946369_1985263184851268_3507420527574646784_n.jpg,45722,960,720,.jpg
image,guneku-website-2023/Prince Fomuki Tibah’s Bornhouse in images,37960176_1985262951517958_2366854845014474752_n.jpg,83461,960,720,.jpg
image,guneku-website-2023/Prince Fomuki Tibah’s Bornhouse in images,37961333_1985263174851269_8263912747071176704_n.jpg,47712,720,960,.jpg
image,guneku-website-2023/Prince Fomuki Tibah’s Bornhouse in images,37969455_1985263654851221_7768887757270679552_n.jpg,56661,720,960,.jpg
image,guneku-website-2023/Prince Fomuki Tibah’s Bornhouse in images,37973469_1985263374851249_3647947055726329856_n.jpg,61950,720,960,.jpg
image,guneku-website-2023/Prince Fomuki Tibah’s Bornhouse in images,37976138_1987350217975898_5836535688232697856_n.jpg,327409,2048,1536,.jpg
image,guneku-website-2023/Prince Fomuki Tibah’s Bornhouse in images,37977788_1985263414851245_8344566413209370624_n.jpg,67288,720,960,.jpg
image,guneku-website-2023/Prince Fomuki Tibah’s Bornhouse in images,37982872_1985263871517866_8518998259304235008_n.jpg,78167,720,960,.jpg
image,guneku-website-2023/Prince Fomuki Tibah’s Bornhouse in images,37995778_1985263291517924_2485209283105390592_n.jpg,67201,960,720,.jpg
image,guneku-website-2023/Prince Fomuki Tibah’s Bornhouse in images,38017744_1985264224851164_1467331188191395840_n.jpg,80058,960,720,.jpg
image,guneku-website-2023/Prince Fomuki Tibah’s Bornhouse in images,38019119_1985263641517889_6399488609476411392_n.jpg,65132,960,720,.jpg
image,guneku-website-2023/Prince Fomuki Tibah’s Bornhouse in images,38084990_1987350171309236_4640968083249299456_n.jpg,394956,2048,1536,.jpg
image,guneku-website-2023/reception event for HRH Fon Fomuki in Essen Germany,11705204_985238571520406_9192605040156335455_n.jpg,98883,960,720,.jpg
image,guneku-website-2023/reception event for HRH Fon Fomuki in Essen Germany,11752507_985238258187104_835636780229689347_n.jpg,102984,960,720,.jpg
image,guneku-website-2023/reception event for HRH Fon Fomuki in Essen Germany,11755125_985238558187074_3925713503788864914_n.jpg,101086,960,720,.jpg
image,guneku-website-2023/reception event for HRH Fon Fomuki in Essen Germany,11755163_985238714853725_2489980439419678836_n.jpg,94300,960,960,.jpg
image,guneku-website-2023/reception event for HRH Fon Fomuki in Essen Germany,11755782_985238521520411_6692277668450802756_n.jpg,110396,960,960,.jpg
image,guneku-website-2023/reception event for HRH Fon Fomuki in Essen Germany,11760133_985238781520385_5571177833803774994_n.jpg,117645,960,960,.jpg
image,guneku-website-2023/reception event for HRH Fon Fomuki in Essen Germany,11781724_985238401520423_4581643467687474036_n.jpg,92441,960,720,.jpg
image,guneku-website-2023/reception event for HRH Fon Fomuki in Essen Germany,11781731_985238354853761_4114099384015504032_n.jpg,98883,960,720,.jpg
image,guneku-website-2023/reception event for HRH Fon Fomuki in Essen Germany,11781820_985238914853705_8972457860944242541_n.jpg,100460,960,720,.jpg
image,guneku-website-2023/reception event for HRH Fon Fomuki in Essen Germany,11811425_985238271520436_6177012028899657483_n.jpg,66045,720,960,.jpg
image,"guneku-website-2023/Revisiting the installation of the Guneku Traditional Council, Friday July 30 2021",306273443_5744165855627630_6308094636136923886_n.jpg,179417,1280,1920,.jpg
image,"guneku-website-2023/Revisiting the installation of the Guneku Traditional Council, Friday July 30 2021",306324067_5744169788960570_807707808846971115_n.jpg,196116,1280,1920,.jpg
image,"guneku-website-2023/Revisiting the installation of the Guneku Traditional Council, Friday July 30 2021",308508203_5744166595627556_4570236198864716623_n.jpg,219940,1280,1920,.jpg
image,"guneku-website-2023/Revisiting the installation of the Guneku Traditional Council, Friday July 30 2021",308832985_5744170035627212_614427380827419807_n.jpg,209349,1280,1920,.jpg
image,"guneku-website-2023/Revisiting the installation of the Guneku Traditional Council, Friday July 30 2021",309007109_5744162165627999_292092976985327263_n.jpg,534924,1280,1920,.jpg
image,"guneku-website-2023/Revisiting the installation of the Guneku Traditional Council, Friday July 30 2021",309007151_5744166958960853_3824359974156835650_n.jpg,207716,1280,1920,.jpg
image,"guneku-website-2023/Revisiting the installation of the Guneku Traditional Council, Friday July 30 2021",309055376_5744162382294644_1203419301757035657_n.jpg,471643,1280,1920,.jpg
image,"guneku-website-2023/Revisiting the installation of the Guneku Traditional Council, Friday July 30 2021",309192574_5744161445628071_9057465072945110384_n.jpg,624226,1280,1920,.jpg
image,"guneku-website-2023/Revisiting the installation of the Guneku Traditional Council, Friday July 30 2021",309206626_5744165058961043_4162122870418003983_n.jpg,239380,1280,1920,.jpg
image,"guneku-website-2023/Revisiting the installation of the Guneku Traditional Council, Friday July 30 2021",309211261_5744167128960836_4317686729461972394_n.jpg,216836,1280,1920,.jpg
image,"guneku-website-2023/Revisiting the installation of the Guneku Traditional Council, Friday July 30 2021",309229699_5744165425627673_1916489242868447704_n.jpg,437018,1280,1920,.jpg
image,"guneku-website-2023/Revisiting the installation of the Guneku Traditional Council, Friday July 30 2021",309277480_5744167428960806_8032270136785945516_n.jpg,348215,1280,1920,.jpg
image,"guneku-website-2023/Revisiting the installation of the Guneku Traditional Council, Friday July 30 2021",309408576_5744162588961290_7792208124174514752_n.jpg,459617,1280,1920,.jpg
image,"guneku-website-2023/Revisiting the installation of the Guneku Traditional Council, Friday July 30 2021",309531650_5744162862294596_290988654487670555_n.jpg,489976,1280,1920,.jpg
image,"guneku-website-2023/Revisiting the installation of the Guneku Traditional Council, Friday July 30 2021",309534763_5744161675628048_8145420588868877651_n.jpg,333724,1280,1920,.jpg
image,"guneku-website-2023/Revisiting the installation of the Guneku Traditional Council, Friday July 30 2021",309591759_5744171245627091_2275945379421554432_n.jpg,453338,1280,1920,.jpg
image,"guneku-website-2023/Revisiting the installation of the Guneku Traditional Council, Friday July 30 2021",309593983_5744166262294256_4708720325877366516_n.jpg,301616,1280,1920,.jpg
image,"guneku-website-2023/Revisiting the installation of the Guneku Traditional Council, Friday July 30 2021",309621346_5744170615627154_4501448249792132837_n.jpg,468209,1280,1920,.jpg
image,"guneku-website-2023/Revisiting the installation of the Guneku Traditional Council, Friday July 30 2021",309639306_5744169582293924_3808719803582259291_n.jpg,204383,1280,1920,.jpg
image,"guneku-website-2023/Revisiting the installation of the Guneku Traditional Council, Friday July 30 2021",309713461_5744166432294239_7821682180253717989_n.jpg,214163,1280,1920,.jpg
image,"guneku-website-2023/Revisiting the installation of the Guneku Traditional Council, Friday July 30 2021",309897792_5744164562294426_5819635981998606505_n.jpg,408933,1280,1920,.jpg
image,"guneku-website-2023/Revisiting the installation of the Guneku Traditional Council, Friday July 30 2021",309970528_5744169405627275_7333120226105042726_n.jpg,308757,1280,1920,.jpg
image,"guneku-website-2023/Revisiting the installation of the Guneku Traditional Council, Friday July 30 2021",309982994_5744164112294471_1583241926870766115_n.jpg,536587,1280,1920,.jpg
image,"guneku-website-2023/Revisiting the installation of the Guneku Traditional Council, Friday July 30 2021",310045956_5744165248961024_2606076765313941464_n.jpg,396655,1280,1920,.jpg
image,"guneku-website-2023/Revisiting the installation of the Guneku Traditional Council, Friday July 30 2021",310133839_5744164322294450_2424948288577636183_n.jpg,490986,1280,1920,.jpg
image,"guneku-website-2023/Revisiting the installation of the Guneku Traditional Council, Friday July 30 2021",310306776_5744163212294561_6909733013476790269_n.jpg,392204,1280,1920,.jpg
image,"guneku-website-2023/Revisiting the installation of the Guneku Traditional Council, Friday July 30 2021",310391616_5744163608961188_1927571811272621251_n.jpg,339769,1280,1920,.jpg
image,"guneku-website-2023/Revisiting the installation of the Guneku Traditional Council, Friday July 30 2021",310554963_5744169218960627_2719768924940443141_n.jpg,256809,1280,1920,.jpg
image,"guneku-website-2023/Revisiting the installation of the Guneku Traditional Council, Friday July 30 2021",310557246_5744166082294274_3888261738313361542_n.jpg,331019,1280,1920,.jpg
image,"guneku-website-2023/Revisiting the installation of the Guneku Traditional Council, Friday July 30 2021",310563340_5744170455627170_7310315034737540001_n.jpg,491280,1280,1920,.jpg
image,"guneku-website-2023/Revisiting the installation of the Guneku Traditional Council, Friday July 30 2021",310577125_5744164852294397_8232259347616610715_n.jpg,199730,1280,1920,.jpg
image,"guneku-website-2023/Revisiting the installation of the Guneku Traditional Council, Friday July 30 2021",310602236_5744166772294205_3100886121181671048_n.jpg,240624,1280,1920,.jpg
image,"guneku-website-2023/Revisiting the installation of the Guneku Traditional Council, Friday July 30 2021",310631077_5744167968960752_6865238446034381945_n.jpg,424698,1280,1920,.jpg
image,"guneku-website-2023/Revisiting the installation of the Guneku Traditional Council, Friday July 30 2021",310679475_5744170852293797_3871796866348501833_n.jpg,424545,1280,1920,.jpg
image,"guneku-website-2023/Revisiting the installation of the Guneku Traditional Council, Friday July 30 2021",310819366_5744161102294772_4825958242619750671_n.jpg,479069,1920,1280,.jpg
image,"guneku-website-2023/Revisiting the installation of the Guneku Traditional Council, Friday July 30 2021",310867074_5744168588960690_5211204219549364134_n.jpg,376310,1280,1920,.jpg
image,"guneku-website-2023/Revisiting the installation of the Guneku Traditional Council, Friday July 30 2021",311129655_5744167645627451_4691704710492500981_n.jpg,443821,1280,1920,.jpg
image,"guneku-website-2023/Revisiting the installation of the Guneku Traditional Council, Friday July 30 2021",311136447_5744168808960668_3047932601908250768_n.jpg,313210,1280,1920,.jpg
image,"guneku-website-2023/Revisiting the installation of the Guneku Traditional Council, Friday July 30 2021",311144716_5744170182293864_3606691721774499492_n.jpg,222391,1280,1920,.jpg
image,"guneku-website-2023/Revisiting the installation of the Guneku Traditional Council, Friday July 30 2021",311282433_5744165648960984_2268636284506088656_n.jpg,436788,1280,1920,.jpg
image,"guneku-website-2023/Revisiting the installation of the Guneku Traditional Council, Friday July 30 2021",311570571_5744161868961362_7119823420236210592_n.jpg,519736,1280,1920,.jpg
image,"guneku-website-2023/Revisiting the installation of the Guneku Traditional Council, Friday July 30 2021",311592768_5744163818961167_6178953144990094230_n.jpg,415369,1280,1920,.jpg
image,guneku-website-2023/shop,GUNEKU-PIKIN-B LACK-SHIRT.PNG,167737,490,608,.png
image,guneku-website-2023/shop,GUNEKU-PIKIN-WHITE-SHIRT.PNG,153028,486,600,.png
image,guneku-website-2023/shop,GUNEKU-PIKIN.png,1766353,3508,2480,.png
image,guneku-website-2023/shop,MICHI-BAG.PNG,133318,487,595,.png
image,guneku-website-2023/shop,MICHI-CAP.png,1611609,2482,1838,.png
image,guneku-website-2023/shop,MICHI-CUP.PNG,226559,660,550,.png
doc,guneku-website-2023/shop,MICHI-EBEN.pdf,33457941,,,.pdf
image,guneku-website-2023/shop,MICHI-EBEN.png,7656394,3500,3500,.png
image,guneku-website-2023/shop,MICHI-GYMSAC.PNG,223190,640,555,.png
image,guneku-website-2023/shop,MICHI-POLO.PNG,273346,583,597,.png
image,guneku-website-2023/shop,MICHI-T-SHIRT-BLACK.PNG,212738,690,606,.png
image,guneku-website-2023/shop,MICHI-T-SHIRT-WHITE.PNG,189201,573,604,.png
image,guneku-website-2023/shop,MY-ROOTS.png,1652890,3508,2480,.png
image,guneku-website-2023/shop,OUTTA-BABY.PNG,167956,525,589,.png
image,guneku-website-2023/shop,OUTTA-CAP.PNG,106117,562,450,.png
image,guneku-website-2023/shop,OUTTA-COLLEGE.PNG,182170,567,599,.png
image,guneku-website-2023/shop,OUTTA-CUP.PNG,122464,599,563,.png
image,guneku-website-2023/shop,OUTTA-HOODIE.PNG,199152,436,610,.png
doc,guneku-website-2023/shop,OUTTA-MOTIVE.pdf,3114184,,,.pdf
image,guneku-website-2023/shop,OUTTA-MOTIVE.png,127541,2480,2452,.png
image,guneku-website-2023/shop,OUTTA-POLO-BLACK.PNG,163162,652,601,.png
image,guneku-website-2023/shop,OUTTA-POLO-WHITE.PNG,143457,550,602,.png
image,guneku-website-2023/shop,OUTTA-PULLOVER-BLACK.PNG,194043,543,609,.png
image,guneku-website-2023/shop,OUTTA-SHIRT.PNG,138016,571,600,.png
image,guneku-website-2023/shop,OUTTA-SWEAT-GREY.PNG,250402,615,607,.png
image,guneku-website-2023/shop,PIKIN-HOODIE-BLACK.PNG,232844,543,612,.png
image,guneku-website-2023/shop,PIKIN-HOODIE-GREY.PNG,257230,484,605,.png
image,guneku-website-2023/shop,ROOTS-BLACK.PNG,161185,521,613,.png
image,guneku-website-2023/shop,ROOTS-CUP.PNG,181966,607,558,.png
image,guneku-website-2023/shop,ROOTS-GREY-SWEAT.PNG,283743,536,603,.png
image,guneku-website-2023/shop,ROOTS-GYMSAC.PNG,183234,633,495,.png
image,guneku-website-2023/shop,ROOTS-SWEAT.PNG,203130,496,601,.png
image,guneku-website-2023/shop,ROOTS-WHITE.PNG,144638,581,599,.png
image,guneku-website-2023/The Coronation of HRH Fon Fomuki Walters,1017651_1062276657149930_1097125422408694588_n.jpg,121953,960,720,.jpg
image,guneku-website-2023/The Coronation of HRH Fon Fomuki Walters,10297856_1062275973816665_5542409351966773703_n.jpg,167256,960,960,.jpg
image,guneku-website-2023/The Coronation of HRH Fon Fomuki Walters,10314473_1062275780483351_7874862746217461505_n.jpg,98864,960,720,.jpg
image,guneku-website-2023/The Coronation of HRH Fon Fomuki Walters,10380324_1062276173816645_662580965719263005_n.jpg,125426,852,640,.jpg
image,guneku-website-2023/The Coronation of HRH Fon Fomuki Walters,10389963_1062275637150032_6398641961465463926_n.jpg,117874,834,960,.jpg
image,guneku-website-2023/The Coronation of HRH Fon Fomuki Walters,12197_1062276120483317_1532777045022419104_n.jpg,108367,720,960,.jpg
image,guneku-website-2023/The Coronation of HRH Fon Fomuki Walters,12439387_1097499526960976_3874708937667384329_n.jpg,121166,960,540,.jpg
image,guneku-website-2023/The Coronation of HRH Fon Fomuki Walters,1275_1062276047149991_8761194611054778477_n.jpg,171328,960,960,.jpg
image,guneku-website-2023/The Coronation of HRH Fon Fomuki Walters,12805784_1097499536960975_4771040045675012284_n.jpg,81472,960,540,.jpg
image,guneku-website-2023/The Coronation of HRH Fon Fomuki Walters,1390746_1062276293816633_6462279851867698327_n.jpg,88023,852,640,.jpg
image,guneku-website-2023/The Coronation of HRH Fon Fomuki Walters,1425565_1062276377149958_6623127479750990677_n.jpg,98275,852,640,.jpg
image,guneku-website-2023/The Coronation of HRH Fon Fomuki Walters,1454565_1062275857150010_5695539771737148185_n.jpg,132781,720,960,.jpg
image,guneku-website-2023/The Coronation of HRH Fon Fomuki Walters,1454565_1062276550483274_8486876835832606394_n.jpg,131265,960,960,.jpg
image,guneku-website-2023/The Coronation of HRH Fon Fomuki Walters,1910148_1062275903816672_1107038184560387295_n.jpg,122645,720,960,.jpg
image,guneku-website-2023/The Coronation of HRH Fon Fomuki Walters,1917096_1062276270483302_4754576576949243455_n.jpg,142396,852,640,.jpg
image,guneku-website-2023/The Coronation of HRH Fon Fomuki Walters,1919207_1062276107149985_1060930248131293957_n.jpg,133639,960,960,.jpg
image,guneku-website-2023/The Coronation of HRH Fon Fomuki Walters,1931301_1062275987149997_6993263792306914986_n.jpg,181073,960,960,.jpg
image,guneku-website-2023/The Coronation of HRH Fon Fomuki Walters,1933914_1062276567149939_546310046164997381_n.jpg,126667,960,960,.jpg
image,guneku-website-2023/The Coronation of HRH Fon Fomuki Walters,1934283_1062275943816668_5700443961490662657_n.jpg,120994,960,720,.jpg
image,guneku-website-2023/The Coronation of HRH Fon Fomuki Walters,1936331_1097499590294303_9202934261203725559_n.jpg,91059,960,540,.jpg
image,guneku-website-2023/The Coronation of HRH Fon Fomuki Walters,1936690_1062275877150008_8002187098795269507_n.jpg,110571,720,960,.jpg
image,guneku-website-2023/The Coronation of HRH Fon Fomuki Walters,1937230_1062276187149977_2977691163966281878_n.jpg,117769,852,640,.jpg
image,guneku-website-2023/The Coronation of HRH Fon Fomuki Walters,480550_1062275843816678_8692094449319301289_n.jpg,111773,720,960,.jpg
image,guneku-website-2023/The Coronation of HRH Fon Fomuki Walters,8515_1062275587150037_1108871364561530927_n.jpg,97741,540,960,.jpg
image,guneku-website-2023/The Coronation of HRH Fon Fomuki Walters,940831_1062275593816703_566220966751490396_n.jpg,110688,720,960,.jpg
image,guneku-website-2023/The Coronation of HRH Fon Fomuki Walters,945544_1062275653816697_2418261665681956225_n.jpg,118433,720,960,.jpg
image,guneku-website-2023/The Coronation of HRH Fon Fomuki Walters,946753_1062276370483292_8030114261894171298_n.jpg,110650,852,640,.jpg
image,guneku-website-2023/The Coronation of HRH Fon Fomuki Walters,992807_1062275767150019_6425711790094885259_n.jpg,117440,960,720,.jpg
image,guneku-website-2023/The Coronation of HRH Fon Fomuki Walters,996750_1062276467149949_8587761433496207985_n.jpg,116111,852,640,.jpg
image,guneku-website-2023/The Return of Fon Fomuki,10295897_930053263705604_7833339160140396675_o.jpg,179617,1280,960,.jpg
image,guneku-website-2023/The Return of Fon Fomuki,10421137_930048227039441_6283237735326674099_n.jpg,103836,960,720,.jpg
image,guneku-website-2023/The Return of Fon Fomuki,10448505_930048953706035_2552062636637838148_o.jpg,296735,2048,1536,.jpg
image,guneku-website-2023/The Return of Fon Fomuki,10560533_930049100372687_6133845392384560906_o.jpg,422163,2048,1536,.jpg
image,guneku-website-2023/The Return of Fon Fomuki,10841939_930049757039288_2158235681213328938_o.jpg,317059,2048,1536,.jpg
image,guneku-website-2023/The Return of Fon Fomuki,10863817_930053287038935_7801611561923213718_o.jpg,261907,1280,1280,.jpg
image,guneku-website-2023/The Return of Fon Fomuki,10923459_930049253706005_725092494088849066_o.jpg,451738,2048,1536,.jpg
image,guneku-website-2023/The Return of Fon Fomuki,10982635_930048837039380_4109407723668187937_o.jpg,322941,2048,1536,.jpg
image,guneku-website-2023/The Return of Fon Fomuki,10987443_930051883705742_2935201212717102956_o.jpg,489031,2048,1536,.jpg
image,guneku-website-2023/The Return of Fon Fomuki,11021520_930050363705894_4889219764787976371_o.jpg,320827,2048,1536,.jpg
image,guneku-website-2023/The Return of Fon Fomuki,11025701_930053083705622_3261651061076604974_o.jpg,79444,719,1280,.jpg
image,guneku-website-2023/The Return of Fon Fomuki,11038250_930049123706018_990490778754108185_o.jpg,421909,2048,1536,.jpg
image,guneku-website-2023/The Return of Fon Fomuki,11051847_930049947039269_1383769856044561442_o.jpg,306154,2048,1536,.jpg
image,guneku-website-2023/The Return of Fon Fomuki,11061003_930048863706044_4011576328053927237_o.jpg,314812,2048,1536,.jpg
image,guneku-website-2023/The Return of Fon Fomuki,11062020_930052593705671_1201157811057796830_o.jpg,174685,1280,1280,.jpg
image,guneku-website-2023/The Return of Fon Fomuki,11080291_930052883705642_1168710187014907525_o.jpg,106465,1280,719,.jpg
image,guneku-website-2023/The Return of Fon Fomuki,11083947_930050000372597_1024341002035440648_o.jpg,321130,2048,1536,.jpg
image,guneku-website-2023/The Return of Fon Fomuki,11084011_930051193705811_3756280411378062457_o.jpg,374465,2048,1536,.jpg
image,guneku-website-2023/The Return of Fon Fomuki,11084150_930050113705919_1559934256615053014_o.jpg,274016,2048,1536,.jpg
image,guneku-website-2023/The Return of Fon Fomuki,11084178_930050143705916_4613397198031772068_o.jpg,337319,2048,1536,.jpg
image,guneku-website-2023/The Return of Fon Fomuki,11090869_930049097039354_5151322853101103075_o.jpg,367494,2048,1536,.jpg
image,guneku-website-2023/The Return of Fon Fomuki,11090876_930051837039080_6542501888068519850_o.jpg,474294,2048,1536,.jpg
image,guneku-website-2023/The Return of Fon Fomuki,11096423_930050890372508_3310296752582081627_o.jpg,349364,2048,1536,.jpg
image,guneku-website-2023/The Return of Fon Fomuki,11096458_930048807039383_2359276838851126185_o.jpg,323962,2048,1536,.jpg
image,guneku-website-2023/The Return of Fon Fomuki,11099564_930053183705612_6245464496950942502_o.jpg,130570,719,1280,.jpg
image,guneku-website-2023/The Return of Fon Fomuki,11099764_930049767039287_7202767236614175009_o.jpg,328144,2048,1536,.jpg
image,guneku-website-2023/The Return of Fon Fomuki,11116446_930052653705665_7888253952880903018_o.jpg,112723,1280,719,.jpg
image,guneku-website-2023/The Return of Fon Fomuki,11121243_930053143705616_23341487519614462_o.jpg,131994,1280,719,.jpg
image,guneku-website-2023/The Return of Fon Fomuki,11125088_930052987038965_6952682697240626463_o.jpg,243583,1280,1280,.jpg
image,guneku-website-2023/The Return of Fon Fomuki,11130327_930052317039032_7019157178045686769_o.jpg,182750,960,1280,.jpg
image,guneku-website-2023/The Return of Fon Fomuki,11130413_930053290372268_792084895742325425_o.jpg,269188,1280,1280,.jpg
image,guneku-website-2023/The Return of Fon Fomuki,11133874_930049490372648_7836747250000973855_o.jpg,371084,2048,1536,.jpg
image,guneku-website-2023/The Return of Fon Fomuki,11134082_930049323705998_7020575004408514969_o.jpg,372922,2048,1536,.jpg
image,guneku-website-2023/The Return of Fon Fomuki,11134139_930050893705841_6870699129862469773_o.jpg,318289,2048,1536,.jpg
image,guneku-website-2023/The Return of Fon Fomuki,11136099_930051170372480_1547467484099347179_o.jpg,354438,2048,1536,.jpg
image,guneku-website-2023/The Return of Fon Fomuki,11136103_930049627039301_3477352179004038968_o.jpg,284592,2048,1536,.jpg
image,guneku-website-2023/The Return of Fon Fomuki,11136160_930052033705727_5030218746354715844_o.jpg,524158,2048,1536,.jpg
image,guneku-website-2023/The Return of Fon Fomuki,11141324_930052983705632_9070892055792687108_o.jpg,176898,960,1280,.jpg
image,guneku-website-2023/The Return of Fon Fomuki,11143266_930052093705721_4323251457357679678_o.jpg,475521,2048,1536,.jpg
image,guneku-website-2023/The Return of Fon Fomuki,11149697_930050277039236_1616906859385476214_o.jpg,342822,2048,1536,.jpg
image,guneku-website-2023/The Return of Fon Fomuki,11149697_930052797038984_7503551137966117005_o.jpg,115612,1280,719,.jpg
image,guneku-website-2023/The Return of Fon Fomuki,1617357_930051173705813_566441908212473754_o.jpg,294081,2048,1536,.jpg
other,guneku-website-2023/The Return of Fon Fomuki,Fomuki Appears From The Bavarian Woods.htm,83376,,,.htm
image,guneku-website-2023/The Return of Fon Fomuki,GUDECA-EU.jpg,104394,960,540,.jpg
image,guneku-website-2023/The Return of Fon Fomuki/Fomuki Appears From The Bavarian Woods_files,12302020113338-1j041q5ccw-writer.jpg,8441,300,300,.jpg
image,guneku-website-2023/The Return of Fon Fomuki/Fomuki Appears From The Bavarian Woods_files,12302020113338-1j041q5ccw-writer_002.jpg,1171,,,.jpg
image,guneku-website-2023/The Return of Fon Fomuki/Fomuki Appears From The Bavarian Woods_files,518202313610-qulxoba443-62836706.jpg,1818,,,.jpg
image,guneku-website-2023/The Return of Fon Fomuki/Fomuki Appears From The Bavarian Woods_files,518202323606-1i841p5bbv-518202321250-eoco-collage.jpeg,1962,,,.jpeg
image,guneku-website-2023/The Return of Fon Fomuki/Fomuki Appears From The Bavarian Woods_files,518202325313-sxoaredq5k-1528802627-66-unibank-ghana-ltd.jpg,2305,84,56,.jpg
image,guneku-website-2023/The Return of Fon Fomuki/Fomuki Appears From The Bavarian Woods_files,518202333054-l5hsk8v331-ghana-revenue-authority-1.jpg,1905,,,.jpg
image,guneku-website-2023/The Return of Fon Fomuki/Fomuki Appears From The Bavarian Woods_files,518202341720-0h830n4ayt-josephine-wawira.jpeg,1347,,,.jpeg
image,guneku-website-2023/The Return of Fon Fomuki/Fomuki Appears From The Bavarian Woods_files,518202351905-n6iul8w331-6551cf1e-6d44-457d-b48a-54807e535e91.jpg,1616,,,.jpg
image,guneku-website-2023/The Return of Fon Fomuki/Fomuki Appears From The Bavarian Woods_files,518202353605-sxoaredq5l-518202351252-the-bank-of-ghana.jpg,1499,,,.jpg
image,guneku-website-2023/The Return of Fon Fomuki/Fomuki Appears From The Bavarian Woods_files,518202353610-nsjum8x432-61962013.jpg,1880,,,.jpg
image,guneku-website-2023/The Return of Fon Fomuki/Fomuki Appears From The Bavarian Woods_files,518202360257-l5hsk8v331-file-20230518-25-700qj2.jpg,1245,,,.jpg
image,guneku-website-2023/The Return of Fon Fomuki/Fomuki Appears From The Bavarian Woods_files,518202360258-1h830o4aau-file-20230517-30-xpofqd.jpg,1317,,,.jpg
image,guneku-website-2023/The Return of Fon Fomuki/Fomuki Appears From The Bavarian Woods_files,518202391712-8cs1vjiuup-259350ae-7bf7-4fb3-992a-f145eca967f.jpeg,1930,,,.jpeg
image,guneku-website-2023/The Return of Fon Fomuki/Fomuki Appears From The Bavarian Woods_files,518202392115-vaqduhgtsn-412e94ca-d861-4e2d-a2a3-eeab2c56b65.jpeg,1608,,,.jpeg
image,guneku-website-2023/The Return of Fon Fomuki/Fomuki Appears From The Bavarian Woods_files,518202394114-l5gsk8v331-1773fae1-b2ce-41e2-8b15-09bcbe25fc5.jpeg,1837,,,.jpeg
other,guneku-website-2023/The Return of Fon Fomuki/Fomuki Appears From The Bavarian Woods_files,a.htm,950,,,.htm
other,guneku-website-2023/The Return of Fon Fomuki/Fomuki Appears From The Bavarian Woods_files,amazon_apstag.js,1974,,,.js
other,guneku-website-2023/The Return of Fon Fomuki/Fomuki Appears From The Bavarian Woods_files,a_002.htm,108,,,.htm
image,guneku-website-2023/The Return of Fon Fomuki/Fomuki Appears From The Bavarian Woods_files,body-container-line.webp,94,,,.webp
image,guneku-website-2023/The Return of Fon Fomuki/Fomuki Appears From The Bavarian Woods_files,body-container-top-line.webp,154,,,.webp
other,guneku-website-2023/The Return of Fon Fomuki/Fomuki Appears From The Bavarian Woods_files,bootstrap.min.css,121457,,,.css
other,guneku-website-2023/The Return of Fon Fomuki/Fomuki Appears From The Bavarian Woods_files,bootstrap.min.js,39680,,,.js
other,guneku-website-2023/The Return of Fon Fomuki/Fomuki Appears From The Bavarian Woods_files,custom.1.css,4907,,,.css
other,guneku-website-2023/The Return of Fon Fomuki/Fomuki Appears From The Bavarian Woods_files,custom.1.menu.css,929,,,.css
other,guneku-website-2023/The Return of Fon Fomuki/Fomuki Appears From The Bavarian Woods_files,font-awesome.min.css,30988,,,.css
other,guneku-website-2023/The Return of Fon Fomuki/Fomuki Appears From The Bavarian Woods_files,google-analytics_analytics.js,3695,,,.js
other,guneku-website-2023/The Return of Fon Fomuki/Fomuki Appears From The Bavarian Woods_files,googlesyndication_adsbygoogle.js,1942,,,.js
other,guneku-website-2023/The Return of Fon Fomuki/Fomuki Appears From The Bavarian Woods_files,googletagservices_gpt.js,5097,,,.js
other,guneku-website-2023/The Return of Fon Fomuki/Fomuki Appears From The Bavarian Woods_files,jquery-3.5.1.min.js,89476,,,.js
other,guneku-website-2023/The Return of Fon Fomuki/Fomuki Appears From The Bavarian Woods_files,lazysizes.min.js,7889,,,.js
image,guneku-website-2023/The Return of Fon Fomuki/Fomuki Appears From The Bavarian Woods_files,print-logo.webp,6832,338,50,.webp
other,guneku-website-2023/The Return of Fon Fomuki/Fomuki Appears From The Bavarian Woods_files,print.css,314,,,.css
other,guneku-website-2023/The Return of Fon Fomuki/Fomuki Appears From The Bavarian Woods_files,responsive.css,22684,,,.css
image,guneku-website-2023/The Return of Fon Fomuki/Fomuki Appears From The Bavarian Woods_files,site-logo.webp,6406,533,250,.webp
image,guneku-website-2023/The Return of Fon Fomuki/Fomuki Appears From The Bavarian Woods_files,site-logo2.webp,5368,1273,188,.webp
image,guneku-website-2023/The Return of Fon Fomuki/Fomuki Appears From The Bavarian Woods_files,sticky-logo.webp,5722,1273,188,.webp
other,guneku-website-2023/The Return of Fon Fomuki/Fomuki Appears From The Bavarian Woods_files,style.css,75151,,,.css
image,guneku-website-2023/The Return of Fon Fomuki/Fomuki Appears From The Bavarian Woods_files,XGltYWdlc1x1c2VyX3Bob3Rvc1wyNjEuanBnfDgwfDgw.jpg,1550,,,.jpg
other,guneku-website-2023/The Return of Fon Fomuki/Fomuki Appears From The Bavarian Woods_files/a_data,invisible.js,28432,,,.js
image,guneku-website-2023/THE TONMUKOM - WINDIK ROAD WORK,33304086_1891058904271697_2396186551068393472_n.jpg,175819,960,720,.jpg
image,guneku-website-2023/THE TONMUKOM - WINDIK ROAD WORK,33313955_1891058790938375_4393047302315442176_n.jpg,126098,720,960,.jpg
image,guneku-website-2023/THE TONMUKOM - WINDIK ROAD WORK,33317261_1891058644271723_4661800933787697152_n.jpg,140523,720,960,.jpg
image,guneku-website-2023/THE TONMUKOM - WINDIK ROAD WORK,33347209_1891058880938366_6465267987824771072_n.jpg,145477,960,720,.jpg
image,guneku-website-2023/THE TONMUKOM - WINDIK ROAD WORK,33361546_1891058784271709_347204344459821056_n.jpg,155046,720,960,.jpg
image,guneku-website-2023/THE TONMUKOM - WINDIK ROAD WORK,33396194_1891058737605047_2000860675764649984_n.jpg,174157,720,960,.jpg
image,guneku-website-2023/THE TONMUKOM - WINDIK ROAD WORK,33430079_1891058770938377_6230893452138119168_n.jpg,116354,720,960,.jpg
image,guneku-website-2023/THE TONMUKOM - WINDIK ROAD WORK,33505964_1891058780938376_685837257046753280_n.jpg,159014,720,960,.jpg
image,guneku-website-2023/THE TONMUKOM - WINDIK ROAD WORK,33520800_1891058897605031_1441433815296770048_n.jpg,114768,720,960,.jpg
image,guneku-website-2023/THE TONMUKOM - WINDIK ROAD WORK,33575136_1891058917605029_7083977495900323840_n.jpg,163139,720,960,.jpg
image,guneku-website-2023/THE TONMUKOM - WINDIK ROAD WORK,33943502_1898468613530726_1865733883576713216_n.jpg,53939,720,960,.jpg
image,guneku-website-2023/THE TONMUKOM - WINDIK ROAD WORK,33944321_1898468763530711_424010596074127360_n.jpg,79463,720,960,.jpg
image,guneku-website-2023/THE TONMUKOM - WINDIK ROAD WORK,34013662_1898468666864054_2255251867879604224_n.jpg,80703,720,960,.jpg
image,guneku-website-2023/THE TONMUKOM - WINDIK ROAD WORK,34063323_1898468886864032_3722916882404081664_n.jpg,87109,960,720,.jpg
image,guneku-website-2023/THE TONMUKOM - WINDIK ROAD WORK,34070242_1898468663530721_889483028307378176_n.jpg,99171,720,960,.jpg
image,guneku-website-2023/THE TONMUKOM - WINDIK ROAD WORK,34087912_1898468770197377_7776270767397797888_n.jpg,62798,960,720,.jpg
image,guneku-website-2023/THE TONMUKOM - WINDIK ROAD WORK,34140959_1898468720197382_1256358834083987456_n.jpg,84935,960,720,.jpg
image,guneku-website-2023/THE TONMUKOM - WINDIK ROAD WORK,36351995_1941162499261337_1271262310471565312_n.jpg,90496,720,960,.jpg
image,guneku-website-2023/THE TONMUKOM - WINDIK ROAD WORK,36429741_1941162135928040_6478145433649545216_n.jpg,113238,720,960,.jpg
image,guneku-website-2023/THE TONMUKOM - WINDIK ROAD WORK,36440020_1941162475928006_3702923899835514880_n.jpg,86424,720,960,.jpg
image,guneku-website-2023/THE TONMUKOM - WINDIK ROAD WORK,36440025_1941162065928047_4528987320791072768_n.jpg,105405,720,960,.jpg
image,guneku-website-2023/THE TONMUKOM - WINDIK ROAD WORK,36444396_1941162255928028_5083184899662282752_n.jpg,114066,720,960,.jpg
image,guneku-website-2023/THE TONMUKOM - WINDIK ROAD WORK,36474424_1941161925928061_2115685337933021184_n.jpg,116363,720,960,.jpg
image,guneku-website-2023/THE TONMUKOM - WINDIK ROAD WORK,36476162_1941162532594667_3015885258831691776_n.jpg,80573,720,960,.jpg
image,guneku-website-2023/THE TONMUKOM - WINDIK ROAD WORK,36506493_1941162589261328_6235491373542277120_n.jpg,80964,720,960,.jpg
image,guneku-website-2023/THE TONMUKOM - WINDIK ROAD WORK,36510051_1941162469261340_3428027623316389888_n.jpg,83882,720,960,.jpg
image,guneku-website-2023/THE TONMUKOM - WINDIK ROAD WORK,36515511_1941162375928016_2832059576231133184_n.jpg,125090,720,960,.jpg
image,guneku-website-2023/THE TONMUKOM - WINDIK ROAD WORK,36517396_1941161999261387_6479118097713201152_n.jpg,139839,720,960,.jpg
image,guneku-website-2023/THE TONMUKOM - WINDIK ROAD WORK,36524101_1941162332594687_4855755751295025152_n.jpg,126725,720,960,.jpg
image,guneku-website-2023/THE TONMUKOM - WINDIK ROAD WORK,36534413_1941161869261400_3241255919568289792_n.jpg,153829,720,960,.jpg
image,guneku-website-2023/THE TONMUKOM - WINDIK ROAD WORK,36538052_1941162579261329_6496279000321622016_n.jpg,80900,960,720,.jpg
image,guneku-website-2023/THE TONMUKOM - WINDIK ROAD WORK,36557984_1941162195928034_4102269027009691648_n.jpg,92983,720,960,.jpg
image,guneku-website-2023/THE TONMUKOM - WINDIK ROAD WORK,36559810_1941162169261370_2216701452611485696_n.jpg,158096,720,960,.jpg
image,guneku-website-2023/THE TONMUKOM - WINDIK ROAD WORK,36565375_1941162092594711_8358995226991263744_n.jpg,101536,720,960,.jpg
image,guneku-website-2023/THE TONMUKOM - WINDIK ROAD WORK,36598138_1941162425928011_4277815258204078080_n.jpg,99160,720,960,.jpg
image,guneku-website-2023/THE TONMUKOM - WINDIK ROAD WORK,73188838_2714187255292187_3437417993783476224_n.jpg,96778,720,960,.jpg
image,guneku-website-2023/THE TONMUKOM - WINDIK ROAD WORK,74785073_2714187348625511_7021415756726272000_n.jpg,130087,720,960,.jpg
image,guneku-website-2023/THE TONMUKOM - WINDIK ROAD WORK,75388282_2714187258625520_7394974334046961664_n.jpg,115275,720,960,.jpg
video,guneku-website-2023/videos,WhatsApp Video 2023-05-13 at 16.48.35.mp4,2762302,,,.mp4
video,guneku-website-2023/videos,WhatsApp Video 2023-05-13 at 16.49.32(1).mp4,6286919,,,.mp4
video,guneku-website-2023/videos,WhatsApp Video 2023-05-13 at 16.49.32.mp4,6286919,,,.mp4
video,guneku-website-2023/videos,WhatsApp Video 2023-05-13 at 16.49.38.mp4,3142756,,,.mp4
video,guneku-website-2023/videos,WhatsApp Video 2023-05-13 at 16.49.41.mp4,3140785,,,.mp4
video,guneku-website-2023/videos,WhatsApp Video 2023-05-13 at 16.49.49(1).mp4,3148096,,,.mp4
video,guneku-website-2023/videos,WhatsApp Video 2023-05-13 at 16.49.49.mp4,3148096,,,.mp4
video,guneku-website-2023/videos,WhatsApp Video 2023-05-13 at 16.50.23(1).mp4,11797702,,,.mp4
video,guneku-website-2023/videos,WhatsApp Video 2023-05-13 at 16.50.23.mp4,11797702,,,.mp4
video,guneku-website-2023/videos,WhatsApp Video 2023-05-13 at 16.50.39.mp4,5066930,,,.mp4
video,guneku-website-2023/videos,WhatsApp Video 2023-05-13 at 16.50.50.mp4,3129490,,,.mp4
video,guneku-website-2023/videos,WhatsApp Video 2023-05-13 at 16.51.38.mp4,12727871,,,.mp4
video,guneku-website-2023/videos,WhatsApp Video 2023-05-13 at 17.08.24.mp4,17341642,,,.mp4
video,guneku-website-2023/videos,WhatsApp Video 2023-05-13 at 17.08.33.mp4,14077339,,,.mp4
video,guneku-website-2023/videos,WhatsApp Video 2023-05-13 at 17.13.26.mp4,14192430,,,.mp4
video,guneku-website-2023/videos,WhatsApp Video 2023-05-13 at 17.13.30.mp4,11860215,,,.mp4
video,guneku-website-2023/videos,WhatsApp Video 2023-05-13 at 17.39.47(1).mp4,10979234,,,.mp4
video,guneku-website-2023/videos,WhatsApp Video 2023-05-13 at 17.39.47.mp4,10979234,,,.mp4
video,guneku-website-2023/videos,WhatsApp Video 2023-05-13 at 17.40.00(1).mp4,3129495,,,.mp4
video,guneku-website-2023/videos,WhatsApp Video 2023-05-13 at 17.40.00(2).mp4,3129495,,,.mp4
video,guneku-website-2023/videos,WhatsApp Video 2023-05-13 at 17.40.00.mp4,3129495,,,.mp4
video,guneku-website-2023/videos,WhatsApp Video 2023-05-13 at 17.42.00.mp4,5066930,,,.mp4
video,guneku-website-2023/videos,WhatsApp Video 2023-05-13 at 17.42.13.mp4,11797702,,,.mp4
video,hrh fomuki speaking at event in Germany,00010(1).mp4,10133010,,,.mp4
video,hrh fomuki speaking at event in Germany,00010.mp4,10133010,,,.mp4
video,hrh fomuki speaking at event in Germany,00011.mp4,11515445,,,.mp4
video,hrh fomuki speaking at event in Germany,00012.mp4,8889778,,,.mp4
video,hrh fomuki speaking at event in Germany,00013.mp4,12599400,,,.mp4
video,hrh fomuki speaking at event in Germany,00014.mp4,10478257,,,.mp4
video,hrh fomuki speaking at event in Germany,00015.mp4,3234020,,,.mp4
video,hrh fomuki speaking at event in Germany,00019(1).mp4,15567346,,,.mp4
video,hrh fomuki speaking at event in Germany,00019.mp4,15567346,,,.mp4
video,hrh fomuki speaking at event in Germany,00020.mp4,5888592,,,.mp4
video,hrh fomuki speaking at event in Germany,00021.mp4,13595438,,,.mp4
video,hrh fomuki speaking at event in Germany,00832.mp4,9003297,,,.mp4
video,hrh fomuki speaking at event in Germany,00835(1).mp4,5310052,,,.mp4
video,hrh fomuki speaking at event in Germany,00835.mp4,5310052,,,.mp4
video,hrh fomuki speaking at event in Germany,00858.mp4,3767612,,,.mp4
video,hrh fomuki speaking at event in Germany,00887.mp4,9136941,,,.mp4
video,hrh fomuki speaking at event in Germany,00890.mp4,6316418,,,.mp4
video,hrh fomuki speaking at event in Germany,03199.mp4,161580860,,,.mp4
video,hrh fomuki speaking at event in Germany,03226.mp4,60223707,,,.mp4
video,michi-ebeng-2024,buea-nkwem.mp4,27348102,,,.mp4
image,michi-ebeng-2024,donate.jpg,148536,969,1254,.jpg
doc,michi-ebeng-2024,donate.pdf,1361760,,,.pdf
video,michi-ebeng-2024,nkem-buea.mp4,9670414,,,.mp4
video,michi-ebeng-2024,nkem-buea2.mp4,21235776,,,.mp4
video,michi-ebeng-2024,today-1.mp4,27348102,,,.mp4
video,michi-ebeng-2024,today-2.mp4,11673362,,,.mp4
video,michi-ebeng-2024,today-3.mp4,3609380,,,.mp4
video,michi-ebeng-2024,today-4.mp4,5357174,,,.mp4
video,michi-ebeng-2024,today-5.mp4,5034231,,,.mp4
video,michi-ebeng-2024,today-6.mp4,9578336,,,.mp4
image,michi-ebeng-2024,WhatsApp Image 2024-03-22 at 12.26.29_648bf774.jpg,83009,960,540,.jpg
image,michi-ebeng-2024,WhatsApp Image 2024-03-23 at 14.56.08_57cf3875.jpg,107048,1008,756,.jpg
image,michi-ebeng-2024,WhatsApp Image 2024-03-23 at 14.56.08_595a3252.jpg,61509,540,960,.jpg
image,michi-ebeng-2024,WhatsApp Image 2024-03-23 at 14.56.10_3a1071b5.jpg,143038,756,1008,.jpg
video,michi-ebeng-2024,WhatsApp Video 2024-03-22 at 12.26.27_ed2c9fbf.mp4,4882807,,,.mp4
video,michi-ebeng-2024,WhatsApp Video 2024-03-22 at 12.26.29_096129ad.mp4,5376543,,,.mp4
video,michi-ebeng-2024,WhatsApp Video 2024-03-22 at 12.26.29_dd603fd7.mp4,6359608,,,.mp4
video,michi-ebeng-2024,WhatsApp Video 2024-03-23 at 12.46.22_6592a2c7.mp4,1465418,,,.mp4
video,michi-ebeng-2024,WhatsApp Video 2024-03-23 at 12.46.22_bca6c4ed.mp4,6113362,,,.mp4
video,michi-ebeng-2024,WhatsApp Video 2024-03-23 at 12.46.22_f6de2c1e.mp4,5969004,,,.mp4
video,michi-ebeng-2024,WhatsApp Video 2024-03-23 at 12.47.55_3c0eb68a.mp4,8859465,,,.mp4
video,michi-ebeng-2024,WhatsApp Video 2024-03-23 at 12.47.55_df43be55.mp4,3277064,,,.mp4
video,michi-ebeng-2024,WhatsApp Video 2024-03-23 at 12.47.55_efd65a55.mp4,3277064,,,.mp4
video,michi-ebeng-2024,WhatsApp Video 2024-03-23 at 12.47.55_f7c489fb.mp4,13288605,,,.mp4
video,michi-ebeng-2024,WhatsApp Video 2024-03-23 at 14.56.09_fbf13359.mp4,11303722,,,.mp4
video,michi-ebeng-2024,WhatsApp Video 2024-03-23 at 15.31.55_1fcd6e0f.mp4,5034231,,,.mp4
image,michi-ebeng-2024/michi-ebeng-Photos,429669250_122129280218113189_6805096329890175352_n.jpg,123974,540,720,.jpg
image,michi-ebeng-2024/michi-ebeng-Photos,431540318_122131817192113189_4564927981301417746_n.jpg,316529,1080,1920,.jpg
image,michi-ebeng-2024/michi-ebeng-Photos,431540332_122131817030113189_3961183244688264757_n.jpg,343322,1080,1920,.jpg
image,michi-ebeng-2024/michi-ebeng-Photos,431548448_122131817168113189_4912332764175472338_n.jpg,294203,1080,1920,.jpg
image,michi-ebeng-2024/michi-ebeng-Photos,431549288_122131817072113189_1989924515203377380_n.jpg,111348,563,1000,.jpg
image,michi-ebeng-2024/michi-ebeng-Photos,431556170_122131817126113189_5339071494361456327_n.jpg,268910,1080,1920,.jpg
image,michi-ebeng-2024/michi-ebeng-Photos,433869704_122131817426113189_262435559498403040_n.jpg,390142,1080,1920,.jpg
image,michi-ebeng-2024/michi-ebeng-Photos,433920158_122131818182113189_2466481319311597616_n.jpg,54593,1280,211,.jpg
image,michi-ebeng-2024/michi-ebeng-Photos,434010857_122131817270113189_350599641376683795_n.jpg,388636,1080,1920,.jpg
image,michi-ebeng-2024/michi-ebeng-Photos,Ardo Hausan Jirbo.jpg,391358,2048,1365,.jpg
image,michi-ebeng-2024/michi-ebeng-Photos,banner-mbon.jpg,25097,1080,600,.jpg
image,michi-ebeng-2024/michi-ebeng-Photos,banner-windig.jpg,69037,1000,563,.jpg
image,michi-ebeng-2024/michi-ebeng-Photos,fon-Bahnung-Chup.jpg,447448,2048,1365,.jpg
image,michi-ebeng-2024/michi-ebeng-Photos,Fon-Ejige-Kobenyang.jpg,542706,2048,1365,.jpg
image,michi-ebeng-2024/michi-ebeng-Photos,fon-fombo.jpg,68743,593,395,.jpg
image,michi-ebeng-2024/michi-ebeng-Photos,fon-fominyen-Nyen.jpg,575847,2048,1365,.jpg
image,michi-ebeng-2024/michi-ebeng-Photos,Fon-FOmukong-Bessi Fomukong.jpg,526906,2048,1365,.jpg
image,michi-ebeng-2024/michi-ebeng-Photos,Fon-Fonyam-Zang-tembeng.jpg,509066,2048,1365,.jpg
image,michi-ebeng-2024/michi-ebeng-Photos,Fon-Forembeng-Gundom.jpg,410384,2048,1365,.jpg
image,michi-ebeng-2024/michi-ebeng-Photos,Fon-Mabkwa-Tugi.jpg,545335,2048,1365,.jpg
image,michi-ebeng-2024/michi-ebeng-Photos,Fon-Mbacham-Wumnembug.jpg,582251,2048,1365,.jpg
image,michi-ebeng-2024/michi-ebeng-Photos,Fon-Mukom-Chenam.jpg,568964,2048,1365,.jpg
image,michi-ebeng-2024/michi-ebeng-Photos,Fon-njokem-mbangwi.jpg,441294,2048,1365,.jpg
image,michi-ebeng-2024/michi-ebeng-Photos,palace-woman.jpg,63105,468,1040,.jpg
image,michi-ebeng-2024/michi-ebeng-Photos,palace2.jpg,46298,1040,468,.jpg
image,RANDOM images-guneku-palace,index.jpg,88647,810,1080,.jpg
image,RANDOM images-guneku-palace,index1.jpg,128628,1080,810,.jpg
image,RANDOM images-guneku-palace,index10.jpg,112946,1080,810,.jpg
image,RANDOM images-guneku-palace,index11.jpg,128195,1080,810,.jpg
image,RANDOM images-guneku-palace,index12.jpg,109439,1080,810,.jpg
image,RANDOM images-guneku-palace,index13.jpg,54385,1080,810,.jpg
image,RANDOM images-guneku-palace,index14.jpg,66062,1080,810,.jpg
image,RANDOM images-guneku-palace,index15.jpg,79782,1080,810,.jpg
image,RANDOM images-guneku-palace,index16.jpg,84551,1080,810,.jpg
image,RANDOM images-guneku-palace,index17.jpg,108709,1080,810,.jpg
image,RANDOM images-guneku-palace,index18.jpg,87796,1080,810,.jpg
image,RANDOM images-guneku-palace,index2.jpg,88572,1080,810,.jpg
image,RANDOM images-guneku-palace,index3.jpg,110344,810,1080,.jpg
image,RANDOM images-guneku-palace,index4.jpg,121233,1080,810,.jpg
image,RANDOM images-guneku-palace,index5.jpg,149766,1080,810,.jpg
image,RANDOM images-guneku-palace,index6.jpg,129130,1080,810,.jpg
image,RANDOM images-guneku-palace,index7.jpg,128126,1080,810,.jpg
image,RANDOM images-guneku-palace,index8.jpg,97239,1080,810,.jpg
image,RANDOM images-guneku-palace,index9.jpg,119206,1080,810,.jpg
